Host,StartTime,Sequence
main,17:30:09.025000,0 1 2 3 4 5 6 7 7 6 6 6 5 6 5 6 6 6 5 6 6 5 5 6 8 9 10 11 12 13 14 15 16 17 18 19 20 20 20 20 21 22 23 24 25 26 27 28 29 30 31 32 33 34 35 36 37 38 39 40 41 36 37 38 39 40 41 41 36 37 38 39 40 41 36 37 38 39 40 41 36 37 38 39 40 41 36 37 38 39 40 41 36 37 38 39 40 41 36 37 38 39 40 41 36 37 38 39 40 41 36 37 38 39 40 41 36 37 38 39 40 41 36 37 38 39 40 41 36 37 38 39 40 41 36 40 41 36 37 38 39 40 41 36 37 38 39 40 41 36 37 38 42 40 36 37 38 39 40 41 36 37 38 39 40 41 43 36 37 38 39 40 41 36 37 38 39 40 41 36 37 38 39 40 41 36 44 45 42 40 41 36 44 39 40 41 36 37 38 39 40 41 36 37 38 39 40 41 36 37 38 42 40 41 36 37 38 42 40 41 36 37 38 39 46 40 41 36 37 38 39 46 40 41 36 37 38 39 46 40 41 36 37 38 39 46 40 41 36 37 38 39 40 41 36 37 38 39 40 41 36 37 38 39 47 40 36 37 38 39 40 41 36 44 45 42 36 44 45 42 40 48 36 37 38 39 40 41 36 37 38 39 40 41 36 37 38 39 40 41 36 37 38 39 40 41 36 37 38 39 40 41 36 37 38 39 40 41 36 37 38 39 40 41 36 37 38 39 40 41 36 49 37 38 39 40 41 36 37 38 39 40 41 50 51 52 53 54 41 41 36 37 38 42 40 41 36 44 38 42 55 41 36 44 38 39 40 41 36 37 38 39 40 41 36 37 38 39 56 40 41 36 37 38 39 40 41 36 37 38 39 40 41 36 37 38 39 40 41 36 37 38 39 40 41 36 37 38 39 40 41 36 37 38 39 40 41 36 37 38 39 40 41 36 37 38 39 40 41 38 42 55 41 44 38 40 41 36 49 37 38 42 55 41 36 37 38 39 40 41 36 44 37 45 42 57 40 41 58 59 60 61 62 63 64 65 66 67
exec-82,17:30:39.113000,71 72 73 74 78 79 74 78 79 74 72 83 74 72 75 74 71 72 73 74 71 72 73 74 78 79 74 71 72 73 74 71 72 73 74 71 72 76 74 72 75 74 72 75 74 71 77 72 73 74 71 72 73 74 71 77 72 73 74 71 72 73 74 71 72 73 74 78 87 74 72 75 74 71 72 73 74 72 75 74 71 77 72 73 74 78 80 74 72 75 74 88 72 89 74 72 75 74 72 75 74 72 75 74 71 77 72 73 74 72 75 74 72 75 74 71 72 76 74 72 75 74 71 77 72 73 74 72 75 74 72 75 74
exec-53,17:30:39.092000,72 75 74 78 79 74 72 75 74 78 82 74 71 72 73 74 71 72 73 74 72 75 74 72 75 74 78 79 74 72 75 74 71 72 76 74 72 75 74 71 72 73 74 72 75 74 71 72 73 74 72 75 74 72 83 74 71 72 73 74 71 72 73 74 78 80 74 72 75 74 72 75 74 71 72 76 74 72 75 74 71 72 73 74 78 80 74 71 72 73 74 72 83 74 72 75 74 72 75 74 71 77 72 73 74 88 72 89 74 71 72 73 74 71 77 72 73 74 72 75 74 72 75 74 72 75 74
exec-49,17:30:39.198000,71 72 73 74 71 72 73 74 72 75 74 72 83 74 71 72 76 74 78 80 74 71 72 73 74 72 83 74 78 80 74 72 75 74 72 75 74 72 75 74 72 75 74 72 75 74 78 80 74 78 81 74 78 80 74 78 79 74 72 75 74 72 75 74 71 77 72 73 74 78 79 74 78 79 74 72 75 74 78 79 74 72 75 74 78 82 74 72 75 74 71 72 73 74 71 72 76 74 72 75 74 78 81 74 72 75 74 71 72 73 74 71 77 72 73 74
exec-17,17:30:38.551000,71 72 73 74 71 72 73 74 72 75 74 71 72 73 74 78 79 74 78 81 74 78 79 74 78 79 74 78 80 74 72 83 74 72 75 74 71 77 72 73 74 72 75 74 78 79 74 71 72 76 74 78 82 74 72 75 74 71 72 73 74 71 72 73 74 78 79 74 71 72 73 74 71 77 72 73 74 71 72 76 74 78 82 74 71 72 73 74 78 81 74 71 72 73 74 72 75 74 72 75 74 71 77 72 73 74 72 83 74 78 79 74 71 77 72 73 74 71 77 72 73 74 71 72 76 74 71 72 73 74 71 72 76 74
exec-22,17:30:39.733000,72 75 74 78 79 74 72 75 74 72 75 74 71 77 72 73 74 72 75 74 71 72 73 74 72 83 74 71 77 72 73 74 71 77 72 73 74 78 79 74 71 72 73 74 72 83 74 78 79 74 72 75 74 71 72 73 74 78 80 74 78 80 74 71 72 73 74 72 75 74 72 75 74 71 72 73 74 72 75 74 78 81 74 71 72 73 74 78 80 74 78 79 74 72 75 74 72 75 74 78 82 74 71 77 72 73 74 78 80 74 72 83 74 78 80 74 71 72 73 74 72 75 74 71 77 72 73 74
exec-38,17:30:38.372000,68 69 70 71 72 73 74 72 75 74 71 72 76 74 78 82 74 72 75 74 78 80 74 72 75 74 72 75 74 72 75 74 72 75 74 72 75 74 71 77 72 73 74 72 75 74 72 75 74 72 75 74 72 75 74 71 72 73 74 72 75 74 78 80 74 78 79 74 71 77 72 73 74 71 72 73 74 72 75 74 72 75 74 78 79 74 78 79 74 72 75 74 71 72 76 74 72 75 74 72 83 74 71 77 72 73 74 78 79 74 71 77 72 73 74 78 79 74 72 75 74 71 72 73 74 72 75 74
exec-9,17:30:40.568000,71 77 72 73 74 78 80 74 71 77 72 73 74 71 72 73 74 71 72 73 74 72 75 74 72 75 74 78 79 74 72 75 74 72 75 74 78 81 74 71 72 73 74 72 83 74 78 79 74 72 75 74 78 85 74 71 72 73 74 78 81 74 72 75 74 71 72 73 74 72 75 74 78 79 74 72 75 74 72 75 74 78 82 74 72 75 74 72 75 74 78 81 74 72 83 74 72 75 74 71 77 72 73 74 72 75 74 72 75 74
exec-3,17:30:38.522000,71 72 73 74 78 79 74 71 72 73 74 71 72 73 74 72 75 74 72 75 74 72 75 74 71 72 73 74 72 75 74 78 79 74 71 77 72 73 74 72 75 74 78 80 74 84 71 72 73 74 72 83 74 78 79 74 78 85 74 78 86 74 88 72 89 74 72 75 74 71 72 73 74 72 75 74 72 75 74 72 75 74 72 75 74 71 72 73 74 72 75 74 78 82 74 72 75 74 72 75 74 78 79 74 71 72 73 74 72 75 74 71 77 72 73 74 71 77 72 73 74 71 77 72 73 74
exec-6,17:30:40.007000,72 75 74 78 81 74 72 75 74 71 72 73 74 71 72 76 74 72 75 74 71 72 73 74 78 81 74 71 72 76 74 72 75 74 78 79 74 71 77 72 73 74 78 81 74 71 72 73 74 71 72 73 74 72 75 74 72 75 74 72 75 74 72 75 74 72 83 74 72 83 74 78 79 74 72 75 74 71 72 73 74 78 79 74 78 79 74 72 75 74 78 80 74 72 75 74 78 80 74 72 75 74 72 83 74 71 72 73 74 78 79 74
exec-10,17:30:39.740000,71 72 76 74 71 72 73 74 72 75 74 72 75 74 71 72 73 74 78 79 74 72 75 74 78 79 74 72 75 74 78 79 74 72 83 74 78 80 74 71 72 73 74 78 79 74 78 80 74 72 75 74 78 79 74 71 72 73 74 72 75 74 78 80 74 71 72 73 74 72 75 74 72 75 74 71 72 73 74 71 72 76 74 72 75 74 71 72 76 74 71 72 73 74 71 77 72 73 74 78 79 74 71 77 72 73 74 72 75 74 72 75 74 72 75 74 72 75 74 72 75 74 78 79 74 71 77 72 73 74
exec-82,17:32:39.934000,72 75 74 71 72 73 74 72 75 74 72 75 74 78 79 74 72 75 74 71 72 76 74 71 72 73 74 78 82 74 72 75 74 78 82 74 72 75 74 78 82 74 72 83 74 78 79 74 72 83 74 78 82 74 72 75 74 71 72 73 74 72 75 74 72 75 74 71 72 73 74 78 80 74 72 75 74 72 75 74 72 75 74 71 72 76 74 78 82 74 72 75 74 71 72 76 74 72 75 74 78 82 74 72 75 74 72 83 74 78 80 74 71 77 72 73 74 78 79 74 72 75 74 72 75 74 72 75 74 72 75 74 72 75 74 72 75 74 72 75 74 78 80 74 72 75 74 78 82 74 71 77 72 73 74 71 77 72 73 74 72 83 74 72 75 74
exec-53,17:32:40.122000,72 75 74 71 72 73 74 78 82 74 72 75 74 78 80 74 71 77 72 73 74 72 75 74 78 82 74 71 77 72 73 74 78 82 74 72 75 74 71 77 72 73 74 78 79 74 72 75 74 72 75 74 72 75 74 71 72 76 74 72 83 74 71 77 72 73 74 71 72 76 74 72 75 74 72 75 74 72 75 74 72 75 74 72 75 74 72 75 74 78 79 74 72 83 74 78 82 74 72 83 74 72 83 74 78 79 74 72 75 74 71 77 72 73 74 72 83 74 78 82 74 78 80 74 71 77 72 73 74 72 75 74 71 72 76 74 72 75 74 72 75 74 78 79 74 78 79 74 72 75 74 72 75 74 72 75 74 72 83 74 71 72 76 74 72 75 74 72 83 74 72 75 74
exec-9,17:32:41.868000,78 79 74 71 72 73 74 72 75 74 71 72 73 74 71 72 76 74 72 75 74 78 81 74 71 72 76 74 78 82 74 72 83 74 78 79 74 71 77 72 73 74 72 75 74 72 75 74 71 77 72 73 74 71 72 76 74 72 75 74 72 75 74 72 83 74 72 75 74 78 79 74 72 75 74 78 79 74 78 80 74 72 75 74 72 75 74 72 75 74 71 72 76 74 72 83 74 72 75 74 72 75 74 72 83 74 71 72 73 74 78 82 74 72 75 74 72 83 74 72 75 74 71 77 72 73 74 72 75 74 72 75 74 72 75 74 71 77 72 73 74 78 81 74 72 75 74 78 82 74 72 75 74 72 75 74 72 75 74 78 79 74
exec-49,17:32:40.262000,71 72 73 74 72 75 74 72 75 74 78 79 74 72 75 74 72 75 74 78 79 74 71 77 72 73 74 71 77 72 73 74 78 82 74 72 75 74 72 75 74 72 75 74 72 75 74 72 75 74 72 75 74 72 75 74 72 83 74 72 75 74 78 82 74 72 75 74 72 75 74 72 75 74 72 75 74 72 75 74 71 77 72 73 74 72 75 74 71 72 76 74 71 77 72 73 74 72 75 74 78 82 74 72 75 74 78 82 74 71 72 76 74 72 75 74 78 79 74 72 83 74 71 77 72 73 74 72 75 74 72 75 74 72 75 74 72 75 74 72 75 74 71 72 73 74 78 79 74 78 82 74 71 72 76 74 72 83 74 72 75 74 72 75 74 71 72 76 74
exec-17,17:32:40.628000,78 79 74 72 75 74 72 75 74 72 83 74 71 72 73 74 71 72 76 74 78 82 74 78 80 74 78 80 74 71 72 73 74 72 75 74 72 75 74 78 82 74 78 82 74 72 83 74 72 75 74 72 75 74 71 77 72 73 74 71 77 72 73 74 78 80 74 78 90 74 78 81 74 78 82 74 71 77 72 73 74 78 79 74 71 77 72 73 74 72 75 74 72 75 74 71 77 72 73 74 78 79 74 72 75 74 72 75 74 71 77 72 73 74 71 77 72 73 74 78 82 74 78 79 74 72 75 74 72 83 74 78 82 74 72 75 74 71 72 73 74 72 75 74 72 75 74 71 72 76 74 72 75 74 72 75 74 72 75 74 72 75 74 72 83 74 71 72 76 74 78 79 74
exec-22,17:32:40.831000,71 77 72 73 74 72 75 74 71 72 73 74 72 83 74 71 77 72 73 74 72 75 74 71 72 76 74 72 75 74 71 77 72 73 74 72 83 74 71 77 72 73 74 71 77 72 73 74 72 75 74 72 75 74 72 83 74 72 75 74 72 75 74 72 75 74 71 72 76 74 72 75 74 71 77 72 73 74 72 75 74 72 75 74 78 79 74 72 75 74 72 75 74 71 77 72 73 74 72 75 74 71 77 72 73 74 72 75 74 72 75 74 72 83 74 78 82 74 71 72 76 74 72 75 74 72 75 74 72 75 74 72 75 74 78 79 74 72 75 74 72 75 74 72 75 74 72 75 74 78 82 74 72 75 74 72 75 74 72 75 74 72 75 74 71 72 76 74 78 82 74 72 75 74
exec-38,17:32:41.190000,72 75 74 78 79 74 72 83 74 71 72 73 74 71 77 72 73 74 78 79 74 78 82 74 71 77 72 73 74 72 83 74 78 82 74 72 83 74 72 75 74 72 83 74 72 75 74 72 75 74 72 75 74 72 83 74 71 77 72 73 74 78 81 74 72 75 74 72 75 74 71 72 76 74 71 72 76 74 72 75 74 72 75 74 78 82 74 71 77 72 73 74 71 77 72 73 74 72 75 74 71 72 76 74 72 75 74 78 82 74 71 77 72 73 74 71 77 72 73 74 78 81 74 71 72 76 74 72 83 74 72 83 74 72 83 74 72 75 74 72 75 74 78 82 74 72 75 74 72 75 74 72 75 74 72 83 74 72 75 74 72 75 74 71 72 76 74 72 75 74
exec-3,17:32:42.446000,72 75 74 72 75 74 72 83 74 72 83 74 78 82 74 72 75 74 72 83 74 71 77 72 73 74 78 79 74 78 79 74 78 81 74 71 77 72 73 74 72 75 74 72 83 74 72 83 74 71 72 76 74 71 72 73 74 72 75 74 72 83 74 78 79 74 78 80 74 72 75 74 78 82 74 78 82 74 72 75 74 78 82 74 72 75 74 72 83 74 71 72 76 74 72 75 74 71 77 72 73 74 71 72 76 74 78 82 74 72 75 74 72 75 74 71 77 72 73 74 72 75 74 78 82 74 72 83 74 72 75 74 72 75 74 72 75 74 72 75 74 72 75 74 72 75 74 71 77 72 73 74 78 82 74 71 72 76 74 72 75 74 72 75 74
exec-6,17:32:42.639000,72 75 74 78 79 74 72 75 74 71 77 72 73 74 78 79 74 72 75 74 78 82 74 78 82 74 71 72 76 74 72 75 74 71 72 73 74 71 72 76 74 71 77 72 73 74 72 83 74 72 75 74 71 77 72 73 74 72 75 74 71 72 73 74 78 80 74 78 79 74 71 72 73 74 78 79 74 72 75 74 72 75 74 72 75 74 78 81 74 71 77 72 73 74 72 75 74 72 83 74 72 75 74 71 77 72 73 74 72 75 74 78 82 74 72 75 74 72 75 74 72 83 74 78 82 74 71 72 76 74 72 83 74 72 75 74 72 75 74 78 82 74 72 75 74 72 75 74 78 82 74 72 75 74 72 75 74 78 79 74 72 75 74 72 75 74 72 75 74
exec-10,17:32:47.147000,71 72 73 74 78 79 74 72 75 74 72 75 74 71 77 72 73 74 72 75 74 71 72 76 74 78 79 74 78 82 74 72 75 74 78 80 74 78 80 74 71 77 72 73 74 72 75 74 72 83 74 78 82 74 71 77 72 73 74 72 75 74 78 79 74 71 77 72 73 74 78 79 74 72 75 74 72 75 74 71 72 73 74 71 72 73 74 78 80 74 71 72 76 74 78 79 74 72 75 74 72 83 74 72 75 74 72 75 74 72 83 74 71 72 76 74 72 75 74 72 75 74 72 75 74 71 77 72 73 74 72 75 74 71 77 72 73 74 72 75 74 72 75 74 78 79 74 72 75 74 72 75 74 72 75 74 72 75 74 72 75 74 78 82 74 72 75 74 72 75 74 72 75 74
exec-82,17:34:42.219000,72 75 74 72 75 74 78 79 74 71 72 73 74 72 75 74 78 79 74 72 75 74 71 72 76 74 72 75 74 71 72 73 74 71 72 76 74 72 75 74 72 75 74 71 72 76 74 78 80 74 71 72 73 74 72 83 74 78 81 74 71 77 72 73 74 72 75 74 78 79 74 72 75 74 72 75 74 71 72 73 74 72 83 74 72 75 74 78 80 74 72 75 74 78 87 74 72 75 74 71 72 73 74 72 83 74 71 72 73 74 72 75 74 71 72 73 74
exec-17,17:34:43.108000,71 72 76 74 72 75 74 72 75 74 84 72 75 74 71 77 72 73 74 78 79 74 71 72 76 74 72 75 74 72 75 74 72 75 74 78 82 74 72 75 74 71 72 73 74 72 75 74 71 77 72 73 74 72 75 74 78 79 74 71 72 73 74 78 79 74 72 83 74 72 75 74 72 75 74 78 79 74 71 72 73 74 72 75 74 72 75 74 71 72 73 74 71 72 73 74 72 75 74 71 72 73 74 72 75 74 71 72 73 74 78 82 74 72 83 74 71 72 73 74
exec-3,17:34:43.752000,72 75 74 72 75 74 72 75 74 71 77 72 73 74 78 79 74 72 75 74 72 75 74 72 75 74 78 80 74 78 79 74 71 72 76 74 78 79 74 71 77 72 73 74 71 72 76 74 71 77 72 73 74 72 75 74 78 80 74 78 79 74 72 75 74 72 75 74 72 75 74 71 72 73 74 72 75 74 72 75 74 71 72 73 74 71 72 73 74 72 75 74 71 72 73 74 72 75 74 72 75 74 71 72 73 74 72 75 74 71 77 72 73 74 72 75 74 78 79 74
exec-49,17:34:42.951000,71 72 76 74 72 75 74 72 75 74 71 72 73 74 78 79 74 71 72 73 74 71 72 73 74 71 72 73 74 72 75 74 72 83 74 72 75 74 78 79 74 71 77 72 73 74 78 79 74 72 75 74 78 82 74 78 80 74 72 75 74 72 83 74 71 72 73 74 71 72 73 74 78 79 74 78 86 74 71 72 73 74 72 75 74 71 72 76 74 71 72 73 74 72 75 74 71 72 73 74 72 75 74 78 80 74 72 75 74 72 75 74 71 72 73 74 72 75 74
exec-38,17:34:43.643000,72 75 74 72 75 74 72 75 74 72 83 74 71 72 73 74 84 78 82 74 71 72 76 74 72 75 74 71 72 76 74 72 75 74 72 75 74 78 81 74 72 75 74 72 75 74 72 75 74 72 75 74 72 75 74 71 72 76 74 78 81 74 72 75 74 78 79 74 71 72 73 74 71 77 72 73 74 71 72 76 74 72 83 74 71 72 73 74 72 75 74 72 75 74 71 72 73 74 71 72 76 74 78 79 74 71 72 73 74 71 72 73 74
exec-53,17:34:42.472000,72 83 74 72 75 74 71 72 73 74 72 75 74 71 77 72 73 74 71 72 73 74 72 75 74 72 75 74 78 79 74 78 80 74 72 75 74 72 75 74 71 77 72 73 74 71 72 73 74 71 72 73 74 72 83 74 72 75 74 72 75 74 78 79 74 71 77 72 73 74 72 75 74 72 75 74 72 83 74 71 72 73 74 72 83 74 71 72 73 74 71 72 76 74 72 83 74 78 79 74 72 75 74 71 72 73 74 71 72 73 74 78 79 74 72 75 74 72 75 74 72 75 74
exec-9,17:34:42.764000,72 75 74 72 75 74 71 72 73 74 71 77 72 73 74 72 75 74 78 79 74 71 72 73 74 72 75 74 72 75 74 71 77 72 73 74 72 75 74 72 75 74 72 75 74 78 80 74 72 75 74 78 82 74 72 83 74 72 75 74 71 72 73 74 72 83 74 71 77 72 73 74 71 77 72 73 74 78 80 74 72 83 74 71 77 72 73 74 72 83 74 72 75 74 72 75 74 71 72 73 74 71 72 73 74 72 75 74 71 72 73 74 71 72 73 74 72 83 74 78 86 74 72 75 74 71 72 73 74
exec-22,17:34:43.436000,72 75 74 72 75 74 71 72 73 74 71 72 73 74 78 79 74 71 72 73 74 78 82 74 72 75 74 72 75 74 71 77 72 73 74 78 79 74 71 72 73 74 72 75 74 78 87 74 78 80 74 71 77 72 73 74 88 72 89 74 72 75 74 71 77 72 73 74 71 72 76 74 71 72 73 74 72 75 74 71 72 73 74 71 72 76 74 71 77 72 73 74 72 75 74 71 72 73 74 72 75 74 71 72 73 74 72 75 74 78 87 74 71 72 73 74 72 75 74 71 77 72 73 74 72 75 74 71 72 73 74
exec-6,17:34:44.112000,72 75 74 78 79 74 72 83 74 78 79 74 71 72 73 74 71 72 73 74 84 72 75 74 78 82 74 71 72 76 74 72 75 74 72 75 74 78 80 74 71 72 73 74 78 80 74 72 75 74 72 75 74 72 75 74 71 72 73 74 71 72 73 74 78 87 74 72 75 74 71 77 72 73 74 71 72 73 74 72 75 74 71 72 76 74 71 72 73 74 71 77 72 73 74 78 80 74 71 77 72 73 74 71 72 73 74 71 72 73 74 72 75 74 78 79 74 78 79 74 78 79 74
exec-10,17:34:48.872000,78 82 74 72 75 74 72 75 74 72 75 74 72 75 74 78 79 74 71 72 73 74 72 75 74 72 75 74 72 75 74 72 75 74 78 80 74 72 75 74 78 79 74 71 72 73 74 72 75 74 71 72 73 74 71 72 73 74 78 80 74 78 80 74 78 87 74 71 72 73 74 71 77 72 73 74 71 77 72 73 74 78 79 74 78 87 74 72 83 74 71 72 73 74 71 72 73 74 78 79 74 71 72 73 74 71 72 73 74 71 77 72 73 74 72 75 74 71 72 73 74 72 75 74 72 75 74
exec-82,17:36:42.368000,72 75 74 72 75 74 71 72 73 74 71 77 72 73 74 71 72 76 74 72 75 74 71 72 73 74 78 80 74 71 72 73 74 72 75 74 71 72 73 74 71 72 73 74 78 79 74 71 72 73 74 72 75 74 72 75 74 72 75 74 72 75 74 78 82 74 72 75 74 71 72 73 74 72 75 74 71 77 72 73 74 71 72 76 74 78 79 74 71 77 72 73 74 71 77 72 73 74 72 75 74 72 75 74 72 83 74 72 75 74 72 75 74 71 77 72 73 74 78 79 74 78 81 74
exec-17,17:36:43.692000,72 75 74 72 75 74 72 75 74 78 79 74 71 72 73 74 78 79 74 72 75 74 78 82 74 72 75 74 78 81 74 71 72 73 74 72 75 74 71 72 73 74 72 75 74 71 72 73 74 71 72 73 74 72 83 74 72 75 74 72 83 74 72 75 74 72 75 74 78 82 74 71 77 72 73 74 78 82 74 72 75 74 71 77 72 73 74 72 83 74 78 80 74 78 79 74 72 83 74 72 75 74 71 72 76 74 71 77 72 73 74 71 72 76 74 72 75 74
exec-38,17:36:44.192000,72 75 74 78 79 74 72 75 74 78 82 74 91 72 75 74 78 80 74 72 75 74 78 80 74 72 75 74 72 75 74 71 72 73 74 78 79 74 72 75 74 72 75 74 72 75 74 71 72 73 74 71 72 73 74 72 75 74 78 82 74 71 72 76 74 78 82 74 78 82 74 72 83 74 72 75 74 71 77 72 73 74 71 77 72 73 74 72 75 74 78 79 74 78 79 74 78 79 74 72 83 74 78 79 74 72 75 74 78 80 74
exec-3,17:36:43.879000,71 77 72 73 74 71 77 72 73 74 72 83 74 71 72 73 74 71 72 73 74 71 72 73 74 71 72 73 74 72 75 74 72 75 74 71 72 73 74 72 83 74 72 75 74 71 72 73 74 71 72 73 74 72 75 74 72 75 74 72 83 74 72 75 74 72 75 74 71 72 73 74 72 75 74 72 75 74 78 82 74 78 81 74 72 75 74 78 82 74 78 82 74 71 77 72 73 74 72 75 74 72 75 74 72 83 74 71 72 76 74 78 80 74 71 77 72 73 74 78 80 74 78 79 74
exec-49,17:36:43.895000,72 75 74 71 77 72 73 74 71 72 73 74 71 72 76 74 71 72 73 74 71 72 73 74 78 81 74 71 72 76 74 72 75 74 78 80 74 72 75 74 78 79 74 72 75 74 72 75 74 71 72 73 74 72 75 74 72 75 74 72 75 74 72 83 74 72 75 74 72 75 74 71 72 76 74 71 77 72 73 74 78 80 74 78 82 74 72 83 74 78 79 74 72 75 74 78 79 74 78 81 74 72 75 74 72 75 74 72 83 74 71 72 73 74 71 77 72 73 74 72 75 74
exec-6,17:36:46.139000,72 75 74 71 72 73 74 72 75 74 78 79 74 72 75 74 71 72 73 74 78 79 74 78 81 74 78 80 74 71 72 73 74 71 72 76 74 72 83 74 78 79 74 72 75 74 71 72 73 74 71 72 73 74 72 75 74 71 72 73 74 71 72 73 74 71 72 76 74 71 77 72 73 74 72 75 74 71 72 76 74 71 72 73 74 71 72 76 74 72 75 74 72 75 74 72 75 74 78 80 74 72 83 74 72 75 74 78 82 74 71 72 76 74 71 72 73 74 72 75 74 72 75 74
exec-9,17:36:44.457000,71 72 73 74 71 72 73 74 71 72 76 74 71 72 73 74 71 72 76 74 71 72 73 74 72 75 74 78 82 74 78 79 74 78 79 74 72 83 74 71 77 72 73 74 71 72 76 74 71 72 76 74 72 83 74 71 72 73 74 78 79 74 71 72 73 74 72 83 74 71 72 73 74 78 82 74 78 79 74 72 83 74 78 80 74 78 79 74 72 83 74 72 75 74 78 80 74 78 79 74 78 79 74 71 72 73 74 71 77 72 73 74 78 80 74 71 72 73 74 72 83 74 72 75 74
exec-22,17:36:45.639000,71 72 73 74 71 72 73 74 71 72 76 74 72 83 74 72 75 74 72 75 74 72 75 74 78 82 74 72 75 74 72 75 74 71 72 76 74 72 75 74 71 72 73 74 71 77 72 73 74 72 75 74 71 72 76 74 71 72 73 74 72 75 74 72 75 74 72 75 74 71 72 76 74 71 77 72 73 74 71 72 73 74 78 82 74 72 75 74 71 72 73 74 72 75 74 72 75 74 72 75 74 72 75 74 71 77 72 73 74 78 81 74 78 79 74 71 72 76 74 72 75 74
exec-53,17:36:44.301000,78 79 74 71 72 73 74 72 75 74 72 83 74 72 83 74 71 72 73 74 72 83 74 72 83 74 78 79 74 78 82 74 91 72 75 74 71 72 73 74 72 75 74 72 75 74 91 78 79 74 72 75 74 72 75 74 71 72 76 74 71 72 73 74 72 83 74 78 82 74 78 82 74 72 83 74 78 82 74 72 83 74 78 80 74 72 75 74 78 80 74 72 83 74 78 82 74 72 75 74 72 75 74 72 75 74 78 79 74
exec-10,17:36:49.823000,71 72 73 74 71 72 73 74 71 72 73 74 72 75 74 72 75 74 71 72 73 74 78 80 74 72 75 74 78 79 74 71 72 73 74 72 83 74 72 75 74 72 75 74 72 75 74 71 72 73 74 71 72 73 74 72 83 74 72 75 74 71 72 76 74 78 82 74 78 82 74 72 75 74 72 75 74 78 79 74 72 75 74 78 81 74 71 72 73 74 72 75 74 72 83 74 72 75 74 71 72 73 74 72 75 74 78 79 74 78 82 74 72 75 74
exec-82,17:38:43.419000,72 75 74 71 77 72 73 74 78 79 74 72 75 74 72 75 74 78 80 74 71 72 73 74 72 75 74 71 77 72 73 74 71 72 76 74 78 82 74 71 72 76 74 72 83 74 72 75 74 71 77 72 73 74 78 82 74 72 83 74 78 82 74 78 81 74 72 75 74 78 79 74 72 75 74 71 77 72 73 74 72 75 74 72 75 74 71 72 76 74 78 80 74 72 75 74 78 79 74 71 77 72 73 74 72 75 74 78 86 74 71 72 73 74 72 75 74 72 75 74 71 72 73 74 72 75 74 78 79 74 72 75 74 71 72 73 74 78 95 74 72 75 74 72 75 74 78 79 74 78 79 74 78 79 74 72 75 74 72 75 74 72 75 74 71 72 73 74 72 75 74 71 72 73 74 72 75 74 78 90 74 72 75 74
exec-17,17:38:44.205000,78 79 74 72 83 74 72 75 74 71 72 76 74 72 75 74 78 79 74 78 80 74 72 75 74 71 77 72 73 74 72 75 74 72 75 74 71 77 72 73 74 72 75 74 78 82 74 72 75 74 71 72 76 74 78 82 74 72 75 74 71 77 72 73 74 72 83 74 72 75 74 71 72 76 74 72 75 74 72 75 74 78 79 74 72 75 74 72 75 74 72 75 74 72 75 74 72 75 74 71 77 72 73 74 72 75 74 72 75 74 78 82 74 71 72 73 74 71 72 73 74 71 72 76 74 71 72 73 74 72 75 74 78 94 74 72 75 74 71 72 73 74 71 77 72 73 74 72 75 74 72 75 74 71 72 73 74 71 72 76 74 72 75 74 72 75 74 71 72 73 74 71 72 76 74 71 72 73 74 78 80 74 78 79 74 72 75 74
exec-38,17:38:44.695000,72 75 74 71 72 73 74 71 72 76 74 71 72 73 74 72 75 74 71 72 73 74 78 80 74 71 77 72 73 74 71 77 72 73 74 72 83 74 72 75 74 71 72 76 74 72 75 74 72 75 74 72 75 74 71 72 76 74 71 77 72 73 74 78 82 74 72 75 74 72 83 74 72 75 74 71 77 72 73 74 72 75 74 72 83 74 72 75 74 72 75 74 78 82 74 78 79 74 71 72 76 74 72 75 74 72 75 74 71 72 76 74 78 82 74 72 75 74 71 72 73 74 71 72 73 74 72 75 74 72 75 74 71 72 73 74 72 75 74 72 75 74 72 75 74 71 77 72 73 74 71 72 73 74 72 75 74 72 75 74 72 75 74 71 72 73 74 78 81 74 71 72 73 74 78 79 74 71 72 73 74 72 75 74 71 72 73 74
exec-3,17:38:45.319000,72 83 74 78 81 74 72 75 74 71 77 72 73 74 72 75 74 72 75 74 72 75 74 78 82 74 71 72 76 74 72 75 74 72 83 74 71 77 72 73 74 71 77 72 73 74 72 75 74 72 83 74 78 79 74 72 75 74 72 75 74 78 80 74 72 83 74 78 82 74 72 83 74 72 75 74 72 75 74 72 75 74 71 72 73 74 72 75 74 72 75 74 71 77 72 73 74 78 82 74 72 75 74 72 75 74 72 83 74 71 72 76 74 71 72 73 74 72 75 74 71 72 76 74 72 83 74 72 75 74 72 75 74 71 72 73 74 71 77 72 73 74 71 72 73 74 72 75 74 78 79 74 71 72 76 74 78 79 74 72 75 74 72 75 74 71 72 76 74 72 75 74 78 81 74 72 75 74 78 79 74
exec-49,17:38:46.094000,72 75 74 78 80 74 72 75 74 78 81 74 71 72 73 74 78 80 74 71 77 72 73 74 72 75 74 71 77 72 73 74 71 72 76 74 72 83 74 78 79 74 78 82 74 72 75 74 71 72 76 74 72 83 74 72 75 74 71 72 73 74 72 83 74 72 75 74 72 75 74 72 83 74 72 75 74 78 79 74 72 75 74 72 75 74 72 75 74 72 75 74 71 72 76 74 72 83 74 72 75 74 72 75 74 71 72 76 74 72 75 74 71 77 72 73 74 78 96 74 72 75 74 72 75 74 71 72 73 74 71 72 73 74 72 75 74 71 72 73 74 78 79 74 71 72 73 74 72 75 74 72 75 74 72 75 74 72 75 74 78 82 74 71 72 73 74 72 75 74 72 75 74 72 75 74 72 75 74 72 75 74
exec-22,17:38:47.758000,71 77 72 73 74 72 75 74 71 77 72 73 74 71 72 73 74 72 75 74 78 87 74 78 82 74 72 75 74 72 75 74 78 82 74 72 83 74 72 83 74 72 83 74 78 82 74 72 75 74 78 82 74 72 75 74 78 80 74 72 75 74 72 75 74 78 82 74 72 75 74 72 75 74 72 75 74 72 75 74 72 75 74 72 75 74 72 75 74 78 82 74 72 75 74 72 75 74 72 83 74 72 75 74 72 75 74 78 79 74 72 75 74 72 75 74 72 75 74 71 72 73 74 72 75 74 72 75 74 71 72 73 74 78 79 74 72 75 74 71 72 73 74 78 82 74 71 72 73 74 72 75 74 72 75 74 78 79 74 72 75 74 71 72 76 74 78 82 74 71 72 76 74 72 75 74
exec-9,17:38:46.957000,72 83 74 78 80 74 72 75 74 72 75 74 78 79 74 71 77 72 73 74 71 72 76 74 72 75 74 72 75 74 72 75 74 71 77 72 73 74 72 75 74 72 75 74 72 75 74 71 77 72 73 74 78 79 74 72 75 74 72 75 74 78 79 74 78 82 74 71 77 72 73 74 72 83 74 72 75 74 72 75 74 72 75 74 72 75 74 78 80 74 72 83 74 72 75 74 72 75 74 72 75 74 72 83 74 71 72 76 74 72 75 74 71 72 73 74 72 83 74 71 72 73 74 72 75 74 78 82 74 72 75 74 72 75 74 72 75 74 72 75 74 78 79 74 71 72 73 74 78 82 74 71 72 76 74 72 75 74 71 77 72 73 74 78 79 74 71 72 73 74 71 72 73 74 78 80 74 72 75 74 72 75 74
exec-6,17:38:46.297000,72 75 74 71 72 73 74 72 75 74 78 80 74 72 75 74 72 75 74 72 75 74 78 82 74 71 77 72 73 74 72 75 74 72 75 74 71 77 72 73 74 72 75 74 78 82 74 71 77 72 73 74 71 72 76 74 72 75 74 72 75 74 71 77 72 73 74 71 72 76 74 72 75 74 72 75 74 72 75 74 72 75 74 72 75 74 72 75 74 72 75 74 78 82 74 72 75 74 72 75 74 71 77 72 73 74 78 80 74 78 80 74 72 75 74 92 93 78 94 74 72 75 74 72 75 74 72 75 74 71 77 72 73 74 72 75 74 72 75 74 72 75 74 71 72 73 74 72 75 74 72 83 74 72 75 74 71 72 73 74 72 75 74 72 83 74 72 75 74 72 75 74 72 75 74 71 72 73 74 71 77 72 73 74 71 72 73 74
exec-53,17:38:48.858000,71 72 73 74 72 75 74 78 86 74 72 75 74 78 81 74 78 82 74 72 75 74 78 82 74 72 75 74 71 72 76 74 71 77 72 73 74 72 75 74 71 77 72 73 74 71 77 72 73 74 78 82 74 72 75 74 72 75 74 72 75 74 72 75 74 72 75 74 72 75 74 72 75 74 78 82 74 78 82 74 71 77 72 73 74 72 75 74 72 75 74 78 82 74 72 75 74 72 75 74 78 79 74 72 75 74 71 72 73 74 72 75 74 71 72 73 74 72 75 74 72 75 74 78 96 74 72 75 74 71 72 73 74 72 75 74 72 75 74 71 77 72 73 74 71 72 73 74 71 72 73 74 71 72 73 74 71 77 72 73 74 71 72 76 74 78 79 74 78 79 74 71 72 73 74 71 77 72 73 74 78 79 74 72 83 74
exec-10,17:38:55.311000,72 75 74 72 75 74 78 79 74 78 80 74 78 79 74 72 75 74 71 77 72 73 74 71 77 72 73 74 72 75 74 71 72 76 74 72 83 74 72 75 74 72 75 74 72 83 74 72 75 74 72 75 74 72 75 74 72 75 74 71 72 76 74 72 83 74 71 77 72 73 74 72 75 74 72 75 74 72 75 74 78 81 74 72 83 74 78 82 74 72 75 74 78 81 74 72 75 74 71 72 76 74 78 95 74 72 75 74 72 75 74 71 72 73 74 72 75 74 78 79 74 72 75 74 72 75 74 72 75 74 71 72 73 74 72 75 74 72 75 74 71 72 73 74 72 83 74 78 80 74 78 79 74 72 75 74 72 75 74 78 79 74 71 72 76 74 71 77 72 73 74 78 80 74
exec-82,17:40:44.974000,72 75 74 72 83 74 71 77 72 73 74 71 72 73 74 78 80 74 71 77 72 73 74 78 81 74 78 80 74 72 75 74 78 96 74 78 79 74 72 83 74 71 77 72 73 74 72 83 74 71 72 73 74 71 72 73 74 71 77 72 73 74 72 75 74 71 72 76 74 72 75 74 71 72 73 74 78 81 74 72 75 74 78 79 74 78 81 74 71 77 72 73 74 78 80 74 72 75 74 78 80 74 71 77 72 73 74 71 72 73 74
exec-38,17:40:47.079000,78 82 74 78 80 74 71 77 72 73 74 71 72 73 74 78 79 74 71 72 73 74 78 80 74 72 75 74 78 79 74 78 95 74 78 79 74 78 80 74 71 77 72 73 74 71 77 72 73 74 78 79 74 78 79 74 78 79 74 78 80 74 71 77 72 73 74 71 72 76 74 72 75 74 78 82 74 78 79 74 72 75 74 71 72 76 74 72 83 74 72 75 74 71 72 73 74 78 80 74 78 79 74 71 77 72 73 74 72 83 74
exec-49,17:40:49.100000,72 75 74 78 79 74 71 72 76 74 72 75 74 72 75 74 78 79 74 78 79 74 78 79 74 71 77 72 73 74 71 72 73 74 78 79 74 72 75 74 72 75 74 78 79 74 78 80 74 72 75 74 78 81 74 72 75 74 78 79 74 72 75 74 78 80 74 71 72 73 74 72 75 74 71 77 72 73 74 72 75 74 72 75 74 72 75 74 78 79 74 72 75 74 72 75 74 78 79 74
exec-3,17:40:47.189000,78 82 74 72 75 74 78 97 74 78 81 74 71 72 76 74 78 80 74 71 77 72 73 74 72 75 74 78 97 74 71 72 73 74 71 72 76 74 78 79 74 78 97 74 78 80 74 71 77 72 73 74 72 75 74 71 72 73 74 71 72 73 74 71 72 73 74 72 75 74 78 82 74 72 75 74 71 77 72 73 74 72 75 74 78 79 74 71 72 76 74 72 75 74 78 80 74 72 75 74 72 75 74
exec-17,17:40:46.198000,78 79 74 78 81 74 72 75 74 72 75 74 72 75 74 71 72 76 74 71 72 73 74 71 77 72 73 74 71 77 72 73 74 72 75 74 72 75 74 72 75 74 72 75 74 78 79 74 72 75 74 72 75 74 71 77 72 73 74 71 72 76 74 98 99 100 101 102 72 83 74 71 72 73 74 72 75 74 78 82 74 78 79 74 78 80 74 72 83 74 71 77 72 73 74 78 80 74 71 72 73 74 72 75 74 72 75 74
exec-6,17:40:49.606000,72 75 74 71 72 73 74 78 97 74 78 80 74 72 83 74 72 75 74 78 87 74 78 80 74 71 77 72 73 74 71 77 72 73 74 78 81 74 72 75 74 78 79 74 72 83 74 72 83 74 78 79 74 71 72 73 74 78 79 74 78 79 74 72 75 74 78 81 74 71 77 72 73 74 71 77 72 73 74 72 75 74 71 77 72 73 74 78 80 74 72 75 74 72 75 74 71 77 72 73 74 72 75 74
exec-22,17:40:49.287000,72 75 74 72 75 74 72 75 74 78 79 74 78 79 74 78 79 74 71 77 72 73 74 78 81 74 78 79 74 78 79 74 78 79 74 71 77 72 73 74 71 77 72 73 74 78 81 74 72 75 74 71 77 72 73 74 72 75 74 71 72 76 74 78 79 74 78 82 74 72 75 74 78 80 74 72 75 74 72 75 74 72 75 74 71 72 73 74 71 72 73 74 71 72 73 74 71 72 76 74 72 75 74 72 75 74
exec-9,17:40:49.444000,71 72 73 74 78 86 74 71 72 73 74 72 83 74 72 75 74 71 77 72 73 74 72 75 74 72 75 74 78 94 74 72 75 74 72 75 74 72 75 74 71 77 72 73 74 72 75 74 72 75 74 72 75 74 72 75 74 78 82 74 71 72 73 74 72 75 74 72 75 74 78 80 74 72 75 74 78 79 74 71 77 72 73 74 71 72 73 74 78 80 74 78 81 74 78 80 74 71 77 72 73 74 78 79 74 78 80 74
exec-53,17:40:50.985000,71 72 73 74 71 77 72 73 74 72 75 74 71 72 73 74 71 72 76 74 78 80 74 72 83 74 71 77 72 73 74 71 72 73 74 71 72 73 74 72 75 74 71 77 72 73 74 72 75 74 71 72 73 74 72 75 74 71 77 72 73 74 72 75 74 72 75 74 72 75 74 72 75 74 78 80 74 72 75 74 71 72 73 74 71 72 76 74 72 75 74 78 81 74 72 83 74 71 77 72 73 74 72 75 74 71 72 73 74 71 77 72 73 74 72 75 74
exec-10,17:40:56.532000,71 72 76 74 78 80 74 78 79 74 71 77 72 73 74 71 72 73 74 71 77 72 73 74 72 75 74 71 72 73 74 78 79 74 71 77 72 73 74 72 83 74 78 82 74 72 75 74 72 75 74 78 79 74 72 75 74 78 79 74 72 83 74 98 99 100 101 102 71 72 76 74 72 75 74 78 79 74 72 75 74 72 75 74 72 75 74 72 75 74 72 75 74 72 75 74 72 75 74 78 79 74 71 77 72 73 74 71 77 72 73 74 72 75 74 78 79 74
exec-82,17:42:48.247000,72 75 74 71 77 72 73 74 78 81 74 72 83 74 78 79 74 72 75 74 72 75 74 78 79 74 71 72 76 74 72 83 74 78 82 74 71 77 72 73 74 78 82 74 71 72 76 74 72 83 74 72 83 74 71 77 72 73 74 78 82 74 72 75 74 72 75 74 78 79 74 78 79 74 71 77 72 73 74 71 77 72 73 74 71 77 72 73 74 78 79 74 71 72 73 74 71 77 72 73 74 71 72 73 74 72 75 74 71 72 76 74 72 75 74 78 82 74 71 72 73 74 71 72 76 74 71 77 72 73 74 78 82 74 72 75 74 71 77 72 73 74 71 77 72 73 74 72 75 74 72 75 74 71 72 73 74 71 72 73 74 72 75 74 72 75 74 72 75 74 71 77 72 73 74 78 79 74 72 75 74 72 83 74 72 83 74 78 82 74 71 72 76 74 71 77 72 73 74 71 72 76 74 72 75 74 71 77 72 73 74 71 77 72 73 74 71 72 76 74 72 75 74 71 72 76 74 72 75 74 72 75 74
exec-38,17:42:48.477000,71 77 72 73 74 71 77 72 73 74 78 80 74 78 79 74 71 77 72 73 74 78 82 74 91 105 72 83 74 72 75 74 72 75 74 72 75 74 72 75 74 71 72 73 74 72 75 74 72 75 74 71 72 73 74 71 77 72 73 74 78 82 74 71 77 72 73 74 78 82 74 72 75 74 71 77 72 73 74 78 79 74 78 82 74 71 77 72 73 74 71 72 76 74 71 72 76 74 72 75 74 78 81 74 78 80 74 78 82 74 72 75 74 71 77 72 73 74 72 75 74 72 75 74 78 79 74 71 77 72 73 74 78 82 74 71 77 72 73 74 78 82 74 72 75 74 72 75 74 71 77 72 73 74 71 72 76 74 71 72 76 74 72 75 74 72 75 74
exec-9,17:42:50.854000,78 79 74 72 75 74 72 83 74 78 86 74 78 79 74 71 72 76 74 72 75 74 78 79 74 71 77 72 73 74 71 77 72 73 74 72 75 74 72 83 74 71 77 72 73 74 78 82 74 72 75 74 71 72 73 74 72 83 74 72 75 74 72 75 74 72 75 74 72 75 74 78 79 74 71 72 76 74 78 79 74 71 77 72 73 74 78 82 74 78 80 74 71 77 72 73 74 72 75 74 72 75 74 72 75 74 71 77 72 73 74 78 82 74 71 77 72 73 74 78 79 74 72 75 74 72 83 74 72 83 74 72 83 74 78 82 74 72 75 74 71 72 73 74 71 72 76 74 72 75 74 72 75 74 72 75 74 72 75 74 72 75 74 78 82 74 72 75 74 72 75 74 72 75 74 72 75 74 72 75 74 72 75 74 72 75 74 71 72 76 74 72 83 74 71 72 76 74 72 75 74 72 75 74 72 75 74 71 72 73 74
exec-3,17:42:49.646000,78 103 74 72 75 74 78 82 74 72 75 74 71 77 72 73 74 71 72 73 74 72 75 74 72 75 74 71 77 72 73 74 71 72 73 74 71 72 73 74 78 82 74 71 72 73 74 71 72 76 74 78 82 74 72 75 74 78 79 74 71 77 72 73 74 72 75 74 72 75 74 72 83 74 72 75 74 71 72 76 74 78 79 74 78 79 74 72 75 74 71 77 72 73 74 72 75 74 71 72 73 74 72 75 74 72 75 74 71 72 73 74 72 75 74 72 83 74 71 77 72 73 74 71 72 76 74 72 75 74 72 75 74 71 77 72 73 74 72 75 74 72 75 74 72 75 74 72 83 74 72 75 74 71 72 73 74 72 75 74 72 83 74 72 75 74 71 77 72 73 74 78 82 74 72 75 74 72 75 74 78 79 74 72 75 74 72 75 74 72 75 74 72 75 74 72 75 74 72 75 74 72 75 74 71 72 76 74 78 79 74 72 75 74 71 77 72 73 74
exec-6,17:42:49.912000,78 79 74 72 75 74 91 105 78 79 74 72 75 74 78 82 74 71 77 72 73 74 71 77 72 73 74 72 75 74 72 83 74 72 83 74 78 82 74 71 77 72 73 74 72 75 74 72 75 74 71 72 73 74 78 79 74 78 80 74 72 75 74 72 75 74 72 75 74 72 75 74 78 82 74 71 77 72 73 74 72 83 74 72 75 74 71 72 76 74 72 75 74 71 72 73 74 72 75 74 78 82 74 71 77 72 73 74 78 82 74 71 77 72 73 74 72 75 74 78 79 74 72 75 74 71 77 72 73 74 72 75 74 72 75 74 72 75 74 72 75 74 72 75 74 72 75 74 78 82 74 71 77 72 73 74 72 75 74 71 72 73 74 72 75 74 72 75 74 72 75 74 72 75 74 71 72 73 74
exec-53,17:42:53.005000,71 72 73 74 78 80 74 78 79 74 71 77 72 73 74 71 72 73 74 71 72 76 74 78 82 74 78 82 74 72 75 74 78 81 74 78 82 74 71 77 72 73 74 72 83 74 71 77 72 73 74 72 83 74 78 79 74 72 83 74 72 75 74 72 75 74 71 72 76 74 72 83 74 71 72 76 74 72 75 74 78 80 74 72 83 74 72 75 74 72 75 74 72 75 74 72 75 74 71 72 73 74 72 75 74 71 77 72 73 74 72 75 74 72 83 74 72 75 74 72 75 74 71 77 72 73 74 72 75 74 71 72 73 74 78 82 74 78 82 74 72 75 74 72 75 74 72 75 74 72 75 74 72 75 74 72 75 74 72 75 74 72 75 74 71 77 72 73 74 72 75 74 72 75 74 72 75 74 72 75 74 72 83 74 72 75 74 72 83 74 72 75 74 72 75 74 78 79 74
exec-49,17:42:49.262000,72 75 74 78 97 74 72 83 74 72 83 74 78 104 74 71 72 73 74 71 72 73 74 72 75 74 71 72 76 74 72 75 74 72 75 74 71 77 72 73 74 91 105 72 83 74 71 77 72 73 74 71 77 72 73 74 72 75 74 72 75 74 71 77 72 73 74 72 75 74 72 75 74 71 77 72 73 74 72 75 74 71 72 76 74 71 72 76 74 72 83 74 72 75 74 78 82 74 72 83 74 72 83 74 78 82 74 78 80 74 71 77 72 73 74 71 72 76 74 72 75 74 72 75 74 72 83 74 71 72 73 74 72 75 74 72 75 74 72 75 74 72 75 74 72 75 74 72 75 74 72 75 74 72 75 74 71 72 73 74 72 75 74 72 75 74 71 72 73 74 78 79 74
exec-17,17:42:49.833000,78 81 74 72 75 74 71 72 73 74 72 75 74 91 105 72 75 74 71 72 73 74 72 75 74 72 83 74 78 82 74 71 72 73 74 71 72 76 74 71 72 73 74 71 72 73 74 71 72 73 74 78 79 74 72 75 74 72 75 74 78 82 74 72 75 74 72 75 74 72 75 74 72 75 74 72 83 74 72 75 74 78 82 74 72 75 74 71 77 72 73 74 71 72 76 74 71 77 72 73 74 72 75 74 72 83 74 78 79 74 71 77 72 73 74 72 83 74 71 77 72 73 74 72 75 74 72 75 74 78 82 74 78 82 74 71 72 76 74 72 83 74 72 75 74 72 75 74 78 82 74 78 82 74 72 75 74 72 75 74 71 72 73 74 78 82 74
exec-22,17:42:50.522000,72 75 74 72 75 74 72 75 74 72 75 74 72 75 74 72 75 74 72 75 74 72 75 74 71 77 72 73 74 78 79 74 78 80 74 71 77 72 73 74 78 79 74 72 75 74 71 77 72 73 74 71 72 76 74 78 79 74 71 77 72 73 74 72 83 74 71 72 73 74 72 83 74 72 75 74 72 83 74 72 75 74 72 75 74 72 83 74 78 81 74 78 80 74 71 72 76 74 72 75 74 78 79 74 72 75 74 72 75 74 72 75 74 78 79 74 71 72 76 74 71 72 76 74 71 77 72 73 74 71 77 72 73 74 72 75 74 71 77 72 73 74 72 83 74 78 79 74 72 75 74 71 77 72 73 74 72 83 74 72 83 74 71 72 76 74 72 83 74 72 75 74 72 75 74 72 75 74 72 75 74 72 83 74 72 75 74 78 82 74 72 75 74 72 83 74 72 75 74 72 75 74 72 75 74 78 80 74 72 75 74
exec-10,17:43:00.398000,71 77 72 73 74 71 72 76 74 72 75 74 78 82 74 78 82 74 78 82 74 71 72 73 74 78 79 74 72 83 74 78 82 74 71 72 73 74 72 75 74 72 75 74 78 82 74 72 75 74 91 105 78 79 74 78 79 74 71 77 72 73 74 72 75 74 72 75 74 72 83 74 71 77 72 73 74 78 79 74 72 75 74 78 82 74 71 72 73 74 71 77 72 73 74 71 72 73 74 72 75 74 71 72 73 74 78 79 74 71 72 76 74 72 75 74 71 77 72 73 74 72 75 74 72 75 74 72 75 74 72 75 74 72 83 74 78 82 74 72 75 74 72 75 74 72 75 74 72 75 74 72 75 74 78 79 74 78 81 74 71 77 72 73 74 78 79 74 71 77 72 73 74
exec-82,17:44:49.102000,78 80 74 72 75 74 71 77 72 73 74 71 77 72 73 74 72 75 74 71 72 76 74 78 79 74 72 75 74 71 72 76 74 71 72 76 74 78 79 74 78 80 74 78 79 74 71 72 73 74 72 75 74 72 83 74 71 72 73 74 71 72 76 74 72 83 74 71 72 73 74 71 72 73 74 78 79 74 72 75 74 72 83 74 78 81 74 72 83 74 78 79 74 71 72 73 74 71 72 73 74 72 75 74
exec-38,17:44:50.236000,72 75 74 71 77 72 73 74 71 77 72 73 74 71 77 72 73 74 78 79 74 78 79 74 71 72 73 74 72 75 74 71 72 76 74 72 75 74 72 75 74 72 83 74 72 75 74 72 75 74 78 79 74 71 72 73 74 72 75 74 72 75 74 78 79 74 71 72 73 74 72 83 74 71 72 76 74 72 83 74 72 75 74 71 72 73 74 72 83 74 71 77 72 73 74 78 79 74 71 77 72 73 74 71 72 73 74
exec-9,17:44:51.966000,72 75 74 72 75 74 78 79 74 71 77 72 73 74 72 75 74 72 75 74 78 104 74 71 77 72 73 74 72 75 74 78 82 74 72 75 74 78 80 74 71 72 73 74 71 72 76 74 78 82 74 71 72 73 74 78 79 74 71 72 73 74 72 75 74 72 75 74 72 75 74 71 72 76 74 71 72 73 74 71 72 73 74 78 79 74 72 75 74 72 75 74 71 72 73 74 72 75 74 72 75 74 71 77 72 73 74
exec-6,17:44:53.900000,71 72 73 74 78 79 74 72 75 74 78 103 74 72 75 74 72 75 74 72 75 74 72 75 74 72 83 74 72 75 74 71 72 73 74 71 77 72 73 74 78 79 74 78 79 74 78 79 74 78 79 74 72 75 74 91 105 78 82 74 72 75 74 72 75 74 71 77 72 73 74 71 72 73 74
exec-22,17:44:54.828000,71 77 72 73 74 72 75 74 72 75 74 71 77 72 73 74 78 82 74 71 72 76 74 72 75 74 71 72 76 74 72 75 74 78 79 74 71 72 73 74 78 80 74 78 80 74 72 75 74 71 77 72 73 74 72 75 74 71 77 72 73 74 71 72 73 74 72 83 74 72 75 74 71 77 72 73 74 78 79 74 72 75 74 78 80 74 78 79 74 71 72 76 74 72 75 74 71 72 73 74 72 75 74 71 72 73 74 72 75 74
exec-53,17:44:54.593000,72 75 74 72 75 74 71 77 72 73 74 71 72 73 74 72 75 74 71 72 73 74 91 72 83 74 72 75 74 71 72 73 74 72 75 74 71 72 73 74 78 81 74 72 75 74 72 75 74 71 72 73 74 78 79 74 72 75 74 71 72 73 74 72 75 74 72 83 74 71 72 73 74 71 77 72 73 74 71 72 73 74 72 75 74 71 72 73 74 71 72 73 74 71 72 73 74 72 75 74 71 77 72 73 74 71 77 72 73 74
exec-3,17:44:53.869000,72 75 74 71 72 73 74 72 75 74 71 77 72 73 74 72 75 74 71 72 76 74 71 77 72 73 74 72 75 74 72 75 74 78 79 74 71 72 73 74 78 79 74 78 79 74 72 75 74 72 75 74 91 105 72 75 74 71 72 73 74 78 80 74 71 77 72 73 74 78 79 74 72 83 74 71 72 73 74 72 75 74 71 72 73 74 78 82 74
exec-17,17:44:54.765000,72 75 74 71 77 72 73 74 72 75 74 72 75 74 72 75 74 71 72 73 74 78 82 74 72 75 74 71 72 73 74 71 77 72 73 74 72 75 74 72 75 74 78 79 74 78 79 74 72 83 74 91 105 72 75 74 71 72 73 74 72 75 74 72 75 74 72 75 74 71 72 73 74 71 72 73 74 72 75 74 71 72 76 74
exec-49,17:44:54.671000,72 75 74 71 77 72 73 74 71 77 72 73 74 71 77 72 73 74 78 82 74 71 72 73 74 72 75 74 71 77 72 73 74 72 75 74 72 75 74 78 81 74 71 72 76 74 72 75 74 72 75 74 72 75 74 72 75 74 71 72 76 74 71 72 73 74 78 79 74 71 72 73 74 78 79 74 71 72 76 74 72 75 74 72 75 74 91 105 71 72 76 74 72 83 74
exec-10,17:45:06.305000,71 77 72 73 74 78 79 74 72 75 74 71 72 73 74 72 75 74 72 75 74 72 75 74 72 75 74 72 75 74 72 75 74 71 72 73 74 78 82 74 71 72 73 74 71 72 73 74 72 75 74 71 72 73 74 72 75 74 71 72 73 74 71 77 72 73 74 78 79 74 72 75 74 78 79 74 72 75 74 91 105 72 75 74 71 72 73 74
exec-82,17:46:50.176000,72 75 74 71 72 73 74 78 79 74 71 72 73 74 71 72 73 74 78 82 74 72 75 74 78 90 74 78 94 74 72 75 74 78 79 74 71 72 76 74 72 75 74 78 79 74 72 75 74 71 72 73 74 71 72 73 74 78 82 74 72 83 74 78 79 74 78 80 74 72 75 74 71 77 72 73 74 78 82 74 78 82 74 78 80 74 78 82 74 78 79 74 71 72 76 74 71 72 73 74 78 80 74 72 75 74 72 75 74 72 75 74 71 72 73 74 78 82 74 71 77 72 73 74 71 72 76 74 71 72 73 74 71 72 73 74
exec-38,17:46:50.254000,71 72 76 74 71 72 73 74 72 75 74 72 75 74 71 72 76 74 78 79 74 72 75 74 71 72 73 74 71 72 73 74 71 77 72 73 74 72 75 74 71 72 73 74 72 75 74 72 75 74 78 81 74 71 72 73 74 71 72 73 74 72 75 74 78 82 74 71 72 76 74 72 75 74 71 72 76 74 72 75 74 78 79 74 72 83 74 78 79 74 71 77 72 73 74 72 83 74 72 83 74 71 77 72 73 74 72 75 74 72 83 74 71 72 73 74 71 72 76 74 71 72 76 74 71 72 73 74 72 75 74 78 82 74 78 79 74
exec-9,17:46:53.838000,78 79 74 71 72 73 74 71 72 73 74 72 75 74 72 75 74 72 75 74 71 72 73 74 78 95 74 72 75 74 71 77 72 73 74 71 77 72 73 74 71 72 73 74 71 72 73 74 72 75 74 78 79 74 71 77 72 73 74 72 75 74 72 75 74 71 72 73 74 72 75 74 71 77 72 73 74 72 75 74 72 75 74 71 77 72 73 74 72 75 74 71 72 76 74 78 82 74 71 77 72 73 74 72 75 74 72 75 74 71 77 72 73 74 71 72 73 74 72 83 74 72 75 74 78 80 74 71 72 76 74 72 75 74 78 79 74 72 83 74 71 72 73 74
exec-6,17:46:55.708000,71 72 73 74 71 72 73 74 72 75 74 72 75 74 78 79 74 71 72 73 74 71 72 73 74 71 77 72 73 74 72 83 74 72 75 74 72 75 74 78 79 74 71 77 72 73 74 71 77 72 73 74 84 72 75 74 71 77 72 73 74 71 77 72 73 74 71 72 73 74 78 79 74 78 79 74 71 72 73 74 78 79 74 78 82 74 71 77 72 73 74 71 72 73 74 78 82 74 71 72 73 74 78 81 74 72 83 74 78 82 74 72 75 74 72 75 74 72 75 74 71 72 73 74 71 77 72 73 74 71 77 72 73 74 71 72 73 74 72 75 74 71 72 73 74
exec-22,17:46:55.896000,71 72 73 74 72 75 74 71 72 73 74 78 82 74 72 75 74 72 75 74 71 72 73 74 71 77 72 73 74 78 79 74 71 77 72 73 74 71 77 72 73 74 72 75 74 71 72 73 74 91 105 91 71 72 76 74 78 87 74 71 72 76 74 72 83 74 71 72 73 74 71 72 76 74 71 72 73 74 71 72 73 74 72 75 74 78 79 74 72 83 74 72 75 74 78 82 74 91 78 97 74 78 80 74 78 80 74 72 75 74
exec-3,17:46:57.073000,72 75 74 78 79 74 72 75 74 72 75 74 72 75 74 78 90 74 72 75 74 78 79 74 72 75 74 72 75 74 71 77 72 73 74 71 72 73 74 71 72 73 74 71 77 72 73 74 78 79 74 71 77 72 73 74 72 75 74 72 75 74 78 79 74 71 72 73 74 72 75 74 71 72 73 74 71 77 72 73 74 78 82 74 71 72 73 74 72 75 74 71 72 73 74 91 71 77 72 73 74 72 83 74 72 83 74 71 72 73 74 72 83 74 71 77 72 73 74 71 77 72 73 74 72 75 74 72 75 74 78 79 74 71 72 76 74
exec-49,17:46:57.864000,78 79 74 72 75 74 72 83 74 72 75 74 78 82 74 71 72 76 74 71 72 73 74 72 75 74 78 79 74 72 75 74 72 75 74 72 75 74 71 77 72 73 74 78 80 74 72 75 74 72 75 74 72 83 74 72 75 74 78 87 74 72 75 74 78 97 74 78 82 74 72 83 74 72 83 74 78 82 74 72 75 74 78 82 74 72 75 74 71 72 73 74 71 77 72 73 74 72 83 74 72 75 74 71 72 73 74 71 77 72 73 74 72 83 74 71 72 73 74 71 72 76 74 78 81 74 71 72 73 74 71 72 73 74
exec-53,17:46:56.948000,72 75 74 78 79 74 71 72 73 74 78 82 74 72 75 74 71 72 73 74 72 75 74 71 77 72 73 74 72 75 74 72 75 74 72 83 74 71 77 72 73 74 84 78 79 74 71 77 72 73 74 71 72 73 74 78 103 74 91 105 78 82 74 78 82 74 72 75 74 72 75 74 72 75 74 78 87 74 71 77 72 73 74 71 72 76 74 72 75 74 72 75 74 71 77 72 73 74 78 79 74
exec-17,17:46:57.598000,71 72 76 74 72 75 74 72 83 74 78 79 74 78 79 74 71 72 73 74 71 77 72 73 74 71 72 76 74 72 75 74 72 75 74 72 75 74 71 72 76 74 72 75 74 72 75 74 71 77 72 73 74 72 75 74 71 77 72 73 74 71 72 73 74 71 72 73 74 72 75 74 78 104 74 71 77 72 73 74 71 72 73 74 71 77 72 73 74 78 82 74 72 83 74 71 72 73 74 78 80 74 72 75 74 72 75 74 72 83 74 91 71 72 73 74 71 77 72 73 74 71 72 73 74 72 75 74 72 75 74 71 72 73 74 72 75 74
exec-10,17:47:08.924000,71 72 73 74 72 75 74 72 75 74 72 75 74 78 96 74 72 75 74 72 75 74 71 72 73 74 91 72 83 74 72 75 74 78 79 74 72 75 74 72 83 74 72 83 74 72 75 74 71 72 76 74 71 72 76 74 71 72 73 74 71 72 76 74 78 82 74 71 72 73 74 72 75 74 71 72 73 74 72 75 74 78 80 74 78 79 74 72 75 74 72 75 74 72 75 74 72 75 74 72 75 74 72 83 74 71 72 73 74 72 83 74 71 77 72 73 74 72 75 74 72 75 74 72 75 74 78 82 74 72 75 74 71 77 72 73 74 71 72 76 74
exec-82,17:48:52.453000,72 75 74 71 72 76 74 78 79 74 78 82 74 71 72 76 74 71 72 76 74 72 75 74 72 75 74 71 77 72 73 74 72 75 74 72 75 74 78 82 74 78 82 74 78 82 74 72 83 74 72 75 74 72 83 74 72 75 74 78 82 74 72 75 74 72 75 74 72 75 74 78 82 74 72 75 74 72 75 74 71 72 73 74 72 75 74 72 75 74 71 72 76 74 72 75 74 72 75 74 71 72 73 74 72 75 74 72 75 74 72 75 74 78 79 74 72 75 74 72 75 74 78 82 74 72 75 74 71 77 72 73 74 72 75 74 78 79 74 72 75 74 71 72 76 74 78 79 74 72 75 74 72 75 74
exec-38,17:48:53.411000,72 75 74 72 75 74 72 75 74 71 77 72 73 74 71 77 72 73 74 72 83 74 72 75 74 71 77 72 73 74 72 83 74 78 82 74 72 75 74 71 72 76 74 72 75 74 72 75 74 78 79 74 71 77 72 73 74 71 72 76 74 72 75 74 72 75 74 71 72 73 74 72 75 74 72 75 74 72 75 74 72 83 74 72 75 74 78 82 74 72 75 74 78 82 74 72 75 74 71 72 76 74 72 75 74 72 75 74 72 75 74 78 79 74 72 75 74 78 79 74 78 79 74 71 72 76 74 72 75 74 72 83 74 78 80 74 72 75 74 78 86 74 72 75 74 72 75 74 72 75 74 72 75 74
exec-22,17:48:57.051000,72 75 74 72 75 74 72 75 74 71 77 72 73 74 72 75 74 72 75 74 71 72 76 74 72 75 74 72 75 74 72 75 74 72 83 74 72 75 74 71 77 72 73 74 71 72 73 74 72 75 74 78 81 74 72 75 74 72 75 74 72 75 74 72 75 74 78 79 74 72 75 74 71 72 76 74 72 75 74 78 79 74 72 75 74 72 83 74 72 75 74 72 75 74 78 80 74 72 75 74 72 75 74 72 75 74 72 75 74 72 75 74 71 72 73 74 72 75 74 78 79 74 72 75 74 78 80 74 78 80 74 78 80 74 72 75 74 71 72 76 74 72 75 74 72 75 74
exec-9,17:48:55.953000,72 75 74 78 81 74 72 75 74 72 75 74 71 77 72 73 74 72 75 74 72 83 74 72 75 74 72 75 74 72 75 74 71 72 76 74 71 77 72 73 74 72 75 74 72 75 74 71 72 76 74 72 75 74 71 77 72 73 74 72 83 74 72 75 74 72 75 74 72 75 74 71 77 72 73 74 72 83 74 72 75 74 72 75 74 78 79 74 72 75 74 71 72 76 74 71 72 76 74 72 75 74 72 75 74 72 75 74 72 75 74 72 75 74 72 75 74 72 75 74 72 75 74 71 72 76 74 72 75 74 78 80 74 78 80 74 72 75 74 78 79 74 72 75 74 78 79 74 71 77 72 73 74 78 81 74
exec-49,17:48:58.202000,71 72 73 74 72 75 74 72 75 74 72 75 74 72 75 74 72 75 74 72 83 74 72 75 74 71 77 72 73 74 71 77 72 73 74 71 72 76 74 72 75 74 71 77 72 73 74 78 81 74 72 75 74 71 72 73 74 78 82 74 72 83 74 72 75 74 72 75 74 71 72 76 74 78 82 74 72 75 74 72 75 74 72 75 74 72 75 74 72 75 74 78 82 74 72 75 74 72 75 74 72 75 74 78 79 74 72 75 74 71 77 72 73 74 78 79 74 78 79 74 78 82 74 72 75 74 71 72 76 74 78 79 74 72 75 74 71 72 73 74 72 75 74 71 72 76 74 72 75 74 72 75 74 72 75 74
exec-3,17:48:57.238000,72 75 74 78 79 74 72 75 74 78 82 74 78 82 74 72 83 74 71 72 76 74 72 83 74 72 75 74 78 82 74 72 75 74 78 79 74 72 75 74 78 82 74 72 75 74 71 77 72 73 74 72 75 74 78 79 74 72 75 74 72 75 74 72 75 74 78 82 74 72 75 74 72 75 74 72 75 74 72 75 74 71 72 76 74 71 72 76 74 72 75 74 72 75 74 72 75 74 72 75 74 78 79 74 71 77 72 73 74 78 81 74 78 79 74 72 75 74 78 79 74 71 77 72 73 74 71 72 76 74 78 85 74 71 72 73 74 78 79 74 71 72 73 74 71 77 72 73 74 72 75 74 72 75 74 72 75 74
exec-6,17:48:56.141000,72 75 74 78 80 74 71 77 72 73 74 78 82 74 71 77 72 73 74 72 75 74 71 72 76 74 72 83 74 71 77 72 73 74 72 75 74 71 72 76 74 72 83 74 72 75 74 72 83 74 72 75 74 72 75 74 72 75 74 71 77 72 73 74 72 83 74 72 75 74 78 79 74 71 77 72 73 74 72 75 74 71 72 76 74 78 82 74 72 75 74 72 75 74 72 83 74 72 75 74 71 72 76 74 72 75 74 72 75 74 72 75 74 71 77 72 73 74 78 79 74 78 80 74 72 75 74 72 75 74 78 79 74 72 75 74 71 72 76 74 78 85 74 71 72 73 74 72 75 74 72 75 74 72 75 74 78 82 74 72 83 74 71 77 72 73 74
exec-17,17:48:58.675000,71 72 73 74 71 72 73 74 78 82 74 72 75 74 72 75 74 71 72 73 74 71 77 72 73 74 78 82 74 78 82 74 71 77 72 73 74 71 77 72 73 74 72 75 74 72 83 74 78 80 74 72 75 74 78 80 74 71 72 73 74 72 83 74 72 75 74 78 82 74 72 75 74 72 75 74 78 82 74 78 82 74 72 75 74 72 75 74 72 75 74 72 75 74 72 83 74 72 75 74 72 75 74 72 75 74 72 75 74 78 79 74 78 79 74 72 75 74 72 75 74 72 75 74 72 75 74 71 72 73 74 72 75 74 72 75 74 72 75 74 72 75 74 72 83 74 71 72 73 74 78 79 74
exec-53,17:48:58.249000,72 75 74 72 75 74 72 75 74 71 77 72 73 74 78 82 74 78 79 74 71 72 76 74 72 75 74 78 82 74 72 75 74 78 82 74 78 82 74 71 72 76 74 78 80 74 72 75 74 72 83 74 71 77 72 73 74 72 75 74 71 77 72 73 74 72 75 74 72 75 74 72 75 74 72 75 74 72 83 74 71 77 72 73 74 72 75 74 72 83 74 72 75 74 71 72 73 74 72 75 74 78 79 74 78 79 74 72 75 74 72 75 74 78 80 74 78 79 74 71 77 72 73 74 72 75 74 78 82 74 78 81 74 71 72 73 74 78 81 74 78 79 74 71 77 72 73 74 72 75 74 78 79 74 78 80 74 71 72 76 74
exec-10,17:49:10.317000,72 75 74 72 83 74 72 75 74 71 77 72 73 74 72 83 74 72 83 74 72 75 74 72 75 74 72 75 74 72 75 74 78 79 74 71 77 72 73 74 72 75 74 71 72 73 74 72 75 74 72 75 74 72 75 74 71 77 72 73 74 71 77 72 73 74 72 75 74 72 75 74 72 75 74 72 75 74 78 79 74 78 81 74 78 82 74 72 75 74 78 79 74 71 72 73 74 72 75 74 78 79 74 71 72 76 74 72 75 74 71 72 73 74 71 72 73 74 72 75 74 72 75 74 78 82 74 72 75 74 78 82 74 78 79 74 71 72 76 74 72 75 74 71 72 73 74
exec-82,17:50:53.369000,78 80 74 72 75 74 72 75 74 71 77 72 73 74 71 72 76 74 72 75 74 72 75 74 78 80 74 71 72 73 74 71 77 72 73 74 71 77 72 73 74 72 75 74 72 75 74 72 75 74 78 79 74 71 72 73 74 72 75 74 71 72 73 74 71 72 73 74 72 75 74 71 77 72 73 74 72 75 74 78 87 74 72 75 74 72 75 74
exec-9,17:50:59.579000,72 75 74 72 83 74 72 75 74 78 79 74 78 79 74 72 83 74 72 75 74 72 75 74 72 75 74 71 72 73 74 72 75 74 72 75 74 78 79 74 72 75 74 71 72 73 74 72 75 74 72 75 74 72 75 74 72 75 74 72 75 74 78 79 74 78 79 74 71 72 73 74 72 75 74 78 79 74
exec-22,17:50:57.487000,71 72 73 74 71 72 73 74 78 80 74 71 72 76 74 71 77 72 73 74 72 83 74 78 81 74 78 85 74 72 75 74 71 72 73 74 71 72 76 74 71 72 73 74 78 87 74 72 75 74 72 75 74 72 75 74 71 72 73 74 71 72 73 74 72 75 74 71 72 73 74 71 72 73 74 71 72 73 74 78 79 74 72 75 74 72 83 74
exec-3,17:51:01.162000,78 80 74 78 79 74 78 79 74 72 75 74 72 75 74 71 77 72 73 74 72 83 74 71 72 73 74 72 75 74 78 80 74 71 72 76 74 71 72 73 74 72 75 74 78 82 74 78 80 74 71 72 73 74 71 72 73 74 71 72 73 74 72 75 74 91 105
exec-49,17:51:01.115000,71 72 73 74 72 75 74 72 83 74 72 75 74 71 72 73 74 72 75 74 78 79 74 72 75 74 72 75 74 72 75 74 72 83 74 72 75 74 72 75 74 78 82 74 72 75 74 72 75 74 71 72 76 74 71 72 73 74 71 72 76 74 72 75 74 71 72 73 74 72 75 74 78 79 74 72 75 74 72 83 74
exec-53,17:51:02.522000,78 79 74 72 75 74 71 72 76 74 78 79 74 71 72 76 74 71 72 73 74 72 75 74 72 75 74 71 77 72 73 74 78 80 74 78 82 74 72 75 74 72 83 74 72 75 74 78 79 74 72 75 74 71 77 72 73 74 78 86 74 72 75 74 72 75 74 72 75 74 72 75 74 78 79 74 78 82 74 72 75 74
exec-6,17:51:01.761000,78 81 74 71 72 73 74 71 77 72 73 74 72 75 74 71 72 73 74 78 82 74 78 79 74 78 85 74 78 79 74 72 75 74 72 75 74 71 72 73 74 78 79 74 71 72 76 74 78 81 74 71 72 76 74 72 83 74 72 75 74 71 72 73 74 72 75 74 78 80 74 72 75 74 71 72 73 74 72 75 74 72 75 74
exec-17,17:51:02.433000,78 80 74 78 81 74 71 72 73 74 72 75 74 78 79 74 71 72 73 74 71 72 73 74 72 75 74 78 79 74 71 77 72 73 74 71 72 73 74 71 72 73 74 72 75 74 72 75 74 78 82 74 72 75 74 72 75 74 72 75 74 72 83 74 71 72 76 74 71 72 73 74 72 75 74 71 72 73 74 72 83 74 72 75 74
exec-10,17:51:11.196000,78 79 74 78 79 74 72 75 74 72 75 74 78 80 74 78 80 74 72 75 74 78 80 74 78 79 74 71 72 76 74 72 75 74 78 79 74 72 75 74 78 79 74 71 72 73 74 71 72 73 74 72 75 74 72 75 74 71 72 73 74 91 105 72 75 74 72 75 74
exec-38,17:50:53.462000,78 79 74 72 75 74 72 75 74 78 80 74 72 83 74 72 75 74 72 75 74 71 72 73 74 78 80 74 72 75 74 71 72 73 74 71 72 76 74 71 72 73 74 78 80 74 78 82 74 71 72 73 74 78 79 74 78 79 74 71 72 73 74 72 75 74 72 75 74 71 72 73 74 71 72 73 74 91
exec-82,17:52:54.832000,72 75 74 72 83 74 78 82 74 78 79 74 78 82 74 78 82 74 78 82 74 78 82 74 72 75 74 72 83 74 72 83 74 72 83 74 71 77 72 73 74 72 83 74 78 79 74 72 75 74 78 97 74 72 75 74 72 75 74 78 79 74 71 77 72 73 74 78 82 74 71 77 72 73 74 72 83 74 71 77 72 73 74 72 83 74 78 82 74 72 75 74 78 79 74 72 75 74 72 75 74 71 77 72 73 74 72 75 74 78 81 74 72 75 74 72 75 74 71 77 72 73 74 72 75 74 78 80 74 72 75 74 72 75 74 72 75 74 71 72 76 74 72 75 74 78 82 74 71 72 73 74 72 75 74 72 75 74 72 75 74
exec-22,17:53:01.719000,71 72 73 74 72 75 74 72 75 74 71 72 76 74 78 79 74 71 77 72 73 74 72 83 74 71 77 72 73 74 78 82 74 72 83 74 72 75 74 72 75 74 71 72 76 74 78 80 74 72 75 74 71 72 76 74 78 79 74 71 72 73 74 72 75 74 71 72 76 74 78 82 74 72 75 74 72 83 74 72 75 74 71 77 72 73 74 71 72 76 74 71 72 76 74 78 82 74 72 83 74 78 79 74 71 77 72 73 74 71 77 72 73 74 78 79 74 72 83 74 72 75 74 72 75 74 72 75 74 78 82 74 72 75 74 78 79 74 72 83 74 72 75 74 72 75 74 71 72 73 74 72 75 74 72 75 74 72 75 74 78 85 74 72 75 74 72 75 74 71 72 73 74
exec-9,17:52:59.597000,71 72 73 74 72 75 74 78 79 74 78 82 74 72 83 74 78 82 74 78 82 74 72 75 74 78 82 74 72 75 74 72 83 74 72 83 74 78 79 74 72 75 74 71 77 72 73 74 71 77 72 73 74 72 75 74 72 75 74 72 75 74 71 72 76 74 71 77 72 73 74 72 75 74 72 75 74 72 75 74 72 75 74 78 82 74 78 82 74 71 77 72 73 74 72 75 74 71 72 76 74 72 75 74 71 72 73 74 78 82 74 72 75 74 72 75 74 78 79 74 78 82 74 78 80 74 72 75 74 72 75 74 71 77 72 73 74 72 75 74 72 75 74 71 72 76 74 72 75 74 72 83 74 72 75 74 78 80 74 72 75 74 71 72 73 74 78 80 74
exec-6,17:53:04.527000,71 72 73 74 71 72 73 74 71 72 76 74 72 75 74 78 82 74 72 75 74 72 75 74 71 77 72 73 74 72 75 74 72 83 74 72 83 74 72 75 74 71 72 76 74 72 75 74 72 83 74 72 75 74 72 75 74 72 75 74 71 77 72 73 74 78 79 74 72 75 74 71 72 76 74 71 77 72 73 74 78 79 74 78 82 74 78 82 74 72 83 74 72 75 74 71 72 73 74 72 75 74 72 75 74 72 75 74 78 80 74 72 83 74 72 75 74 72 75 74 72 75 74 72 75 74 78 79 74 72 75 74 72 75 74 72 75 74 78 82 74 72 75 74 78 81 74 71 72 76 74 72 75 74 72 75 74 72 75 74 71 77 72 73 74
exec-49,17:53:03.397000,78 79 74 72 75 74 72 75 74 78 79 74 78 79 74 78 82 74 71 72 76 74 78 79 74 72 75 74 72 75 74 78 82 74 71 77 72 73 74 72 75 74 72 75 74 71 77 72 73 74 72 75 74 72 75 74 78 82 74 72 75 74 71 77 72 73 74 72 75 74 72 83 74 72 75 74 72 75 74 78 82 74 71 77 72 73 74 71 72 76 74 71 72 73 74 72 83 74 71 72 76 74 72 75 74 78 82 74 72 83 74 78 79 74 72 75 74 72 75 74 71 72 73 74 72 75 74 72 75 74 71 72 76 74 72 75 74 72 75 74 72 83 74 78 80 74 72 75 74 72 75 74 78 85 74 72 75 74 71 72 73 74 71 77 72 73 74 71 72 73 74
exec-3,17:53:02.406000,71 72 73 74 72 75 74 78 82 74 78 82 74 71 77 72 73 74 72 83 74 78 79 74 71 77 72 73 74 71 77 72 73 74 72 75 74 72 75 74 78 82 74 78 79 74 78 80 74 72 83 74 72 75 74 72 75 74 72 75 74 78 82 74 71 72 73 74 72 83 74 72 75 74 71 77 72 73 74 72 75 74 72 75 74 71 77 72 73 74 72 83 74 72 75 74 72 75 74 71 77 72 73 74 72 75 74 78 80 74 71 77 72 73 74 72 75 74 72 75 74 72 75 74 71 72 76 74 72 75 74 72 75 74 72 75 74 72 75 74 72 75 74 72 75 74 78 80 74 71 72 73 74 71 72 76 74 71 72 73 74 72 75 74 72 75 74 72 75 74 72 75 74
exec-53,17:53:04.229000,71 72 76 74 72 75 74 72 75 74 71 77 72 73 74 71 72 76 74 78 82 74 72 75 74 72 75 74 72 75 74 72 75 74 71 77 72 73 74 72 75 74 78 79 74 72 75 74 72 75 74 72 75 74 78 82 74 72 75 74 72 75 74 72 75 74 71 72 76 74 72 83 74 71 77 72 73 74 72 75 74 71 77 72 73 74 72 83 74 72 75 74 72 75 74 72 75 74 72 75 74 72 75 74 71 77 72 73 74 72 75 74 72 75 74 72 75 74 72 75 74 78 80 74 78 82 74 71 77 72 73 74 78 82 74 72 83 74 78 79 74 78 79 74 72 75 74 72 75 74 71 72 73 74 72 75 74 78 86 74 78 87 74 72 75 74
exec-17,17:53:05.155000,71 72 76 74 71 72 76 74 71 77 72 73 74 71 77 72 73 74 72 83 74 78 79 74 78 82 74 71 72 73 74 72 75 74 72 83 74 71 72 76 74 72 75 74 71 77 72 73 74 71 72 73 74 72 75 74 72 75 74 72 75 74 78 82 74 71 77 72 73 74 78 82 74 71 72 76 74 72 83 74 72 75 74 72 75 74 72 75 74 71 72 76 74 78 82 74 72 83 74 78 82 74 72 83 74 71 72 76 74 72 75 74 72 75 74 78 82 74 72 75 74 78 81 74 72 75 74 78 82 74 72 75 74 71 72 76 74 71 72 76 74 72 75 74 71 72 76 74 72 75 74 72 75 74 72 75 74 78 79 74 72 75 74 72 83 74
exec-10,17:53:12.967000,71 72 73 74 71 72 76 74 71 77 72 73 74 72 75 74 72 83 74 72 75 74 71 72 76 74 71 72 76 74 78 79 74 78 80 74 72 75 74 71 72 76 74 72 75 74 72 75 74 72 75 74 72 75 74 72 75 74 71 72 76 74 71 72 76 74 72 75 74 78 82 74 72 83 74 78 82 74 72 75 74 72 75 74 72 75 74 72 75 74 72 83 74 78 79 74 72 83 74 72 75 74 72 75 74 72 75 74 72 75 74 72 83 74 72 83 74 71 77 72 73 74 72 75 74 72 83 74 72 75 74 78 79 74 78 80 74 72 75 74 72 75 74 78 82 74 72 75 74 71 77 72 73 74 78 79 74
exec-38,17:53:17.072000,105 72 83 74 72 75 74 72 75 74 72 75 74 71 77 72 73 74 71 72 73 74 78 81 74 78 82 74 72 75 74 72 75 74 72 75 74 72 75 74 71 77 72 73 74 72 75 74 72 75 74 78 79 74 72 83 74 72 75 74 71 77 72 73 74 71 72 73 74 72 75 74 78 79 74 72 75 74 72 75 74 72 75 74 72 75 74 72 75 74 78 79 74 78 82 74 72 75 74 78 82 74 71 72 76 74 72 75 74 72 75 74 72 75 74 72 75 74 78 80 74 78 79 74 78 80 74 72 75 74 72 75 74 72 75 74 72 75 74 71 77 72 73 74 72 75 74 71 72 76 74
exec-82,17:54:55.059000,72 75 74 78 79 74 71 72 73 74 78 82 74 72 75 74 71 72 73 74 78 81 74 71 72 76 74 72 75 74 72 75 74 71 72 73 74 78 79 74 71 72 76 74 72 75 74 71 77 72 73 74 71 72 73 74 72 75 74 78 79 74 71 77 72 73 74 72 75 74 78 79 74 72 75 74 78 79 74 71 72 76 74 71 77 72 73 74 78 79 74 71 72 73 74 91 71 72 73 74
exec-6,17:55:04.973000,71 72 73 74 71 72 73 74 71 72 73 74 71 72 73 74 71 77 72 73 74 78 80 74 71 72 73 74 71 72 73 74 78 81 74 72 75 74 71 72 73 74 78 79 74 78 82 74 72 75 74 78 79 74 72 75 74 72 75 74 71 72 76 74 71 72 73 74 71 72 73 74 71 72 73 74 71 77 72 73 74 72 75 74 71 72 73 74 72 75 74 78 104 74 78 82 74 71 72 76 74 78 80 74
exec-9,17:55:03.194000,71 72 73 74 72 75 74 72 75 74 71 72 73 74 78 82 74 71 72 73 74 72 75 74 71 72 73 74 72 75 74 71 77 72 73 74 71 72 76 74 78 81 74 72 75 74 72 75 74 72 75 74 71 72 73 74 71 72 73 74 71 72 73 74 72 75 74 78 79 74 78 79 74 78 80 74 71 77 72 73 74 72 75 74 71 72 73 74 72 75 74 78 79 74 72 75 74
exec-49,17:55:09.084000,72 75 74 72 75 74 71 72 73 74 72 75 74 78 80 74 78 79 74 78 79 74 72 75 74 72 75 74 72 75 74 72 75 74 72 75 74 72 75 74 71 72 73 74 72 75 74 72 75 74 71 72 73 74 72 75 74 71 72 73 74 71 72 73 74 88 72 89 74 78 79 74 78 87 74 78 103 74 72 75 74 72 75 74 71 72 76 74 72 75 74 78 80 74 72 75 74
exec-3,17:55:10.089000,71 72 73 74 78 79 74 78 79 74 72 75 74 72 75 74 71 72 76 74 72 75 74 78 79 74 78 79 74 72 75 74 78 79 74 72 75 74 72 83 74 72 83 74 71 72 73 74 78 79 74 71 77 72 73 74 78 79 74 71 72 73 74 71 72 73 74 71 72 73 74 71 77 72 73 74 71 72 76 74 71 72 73 74 78 79 74 71 77 72 73 74 71 72 76 74 72 75 74 78 79 74 72 83 74
exec-22,17:55:03.053000,78 79 74 72 75 74 71 72 76 74 71 72 73 74 72 75 74 72 83 74 71 72 73 74 71 72 73 74 71 72 73 74 71 72 73 74 72 75 74 78 80 74 78 80 74 72 75 74 71 72 76 74 72 75 74 78 79 74 71 77 72 73 74 72 75 74 72 83 74 72 75 74 72 75 74 72 75 74 78 82 74 72 75 74 71 77 72 73 74 71 72 76 74 71 72 73 74
exec-53,17:55:11.559000,71 72 73 74 72 75 74 71 72 73 74 72 75 74 71 72 73 74 71 72 76 74 72 75 74 78 82 74 72 75 74 71 77 72 73 74 72 75 74 78 79 74 71 72 73 74 71 77 72 73 74 71 72 73 74 72 75 74 71 77 72 73 74 72 75 74 78 80 74 78 79 74 78 79 74 72 83 74 71 72 73 74 72 75 74 72 75 74 72 75 74 78 79 74 72 75 74 72 75 74 78 82 74
exec-10,17:55:13.271000,71 72 76 74 72 75 74 71 72 73 74 72 75 74 78 79 74 72 75 74 71 72 76 74 78 80 74 71 72 73 74 72 75 74 72 75 74 72 75 74 72 83 74 78 79 74 71 72 73 74 71 72 73 74 71 77 72 73 74 78 79 74 78 80 74 72 75 74 71 77 72 73 74 72 83 74 71 77 72 73 74 71 77 72 73 74 71 77 72 73 74 72 75 74 72 75 74 72 75 74 78 79 74 78 82 74
exec-17,17:55:12.943000,78 82 74 72 75 74 71 72 73 74 71 72 73 74 71 77 72 73 74 72 75 74 72 83 74 71 72 73 74 71 72 73 74 72 75 74 71 72 73 74 72 75 74 72 75 74 71 72 73 74 78 80 74 72 83 74 72 83 74 72 75 74 78 81 74 71 77 72 73 74 71 77 72 73 74 71 72 73 74 72 83 74 72 75 74 78 79 74 71 77 72 73 74 71 72 73 74 78 79 74 78 79 74 78 82 74
exec-38,17:55:22.269000,71 72 73 74 72 75 74 71 72 73 74 71 72 73 74 71 72 73 74 78 80 74 71 72 73 74 78 79 74 91 78 82 74 71 72 73 74 71 72 76 74 78 81 74 71 72 73 74 71 72 76 74 71 72 76 74 78 79 74 72 75 74 72 75 74 72 75 74 71 72 73 74 72 75 74 72 75 74 72 83 74 71 72 73 74 71 77 72 73 74 72 75 74 72 75 74 78 81 74
exec-38,17:57:30.002000,78 79 74 72 75 74 72 75 74 72 75 74 72 75 74 72 83 74 71 72 76 74 78 79 74 72 75 74 71 77 72 73 74 72 83 74 72 75 74
exec-10,17:57:18.221000,72 75 74 78 80 74 72 75 74 72 75 74 71 72 73 74 78 79 74 72 75 74 72 75 74 72 75 74 71 72 76 74 72 75 74 71 72 76 74 78 82 74 78 82 74
exec-82,17:56:59.664000,72 75 74 78 79 74 78 79 74 78 79 74 78 79 74 71 72 76 74 78 79 74 72 75 74 72 75 74 78 79 74 72 75 74 72 83 74 78 82 74 72 75 74 72 75 74 78 82 74 78 82 74
exec-3,17:57:12.774000,72 75 74 71 72 76 74 71 72 73 74 72 75 74 71 72 76 74 72 75 74 72 75 74 72 75 74 72 75 74 78 79 74 72 75 74 71 72 76 74 72 83 74 72 83 74
exec-53,17:57:17.277000,78 79 74 72 75 74 71 72 73 74 72 75 74 72 83 74 71 72 73 74 71 77 72 73 74 71 72 73 74 78 79 74 72 75 74 72 75 74 72 75 74 71 72 76 74 78 82 74
exec-17,17:57:18.408000,72 75 74 78 79 74 72 75 74 72 75 74 72 75 74 71 72 73 74 72 75 74 78 82 74 71 72 73 74 72 75 74 71 72 73 74 71 77 72 73 74 71 77 72 73 74 78 82 74
exec-49,17:57:09.492000,71 72 76 74 72 75 74 78 80 74 72 75 74 71 72 73 74 72 75 74 72 75 74 72 75 74 72 75 74 72 75 74 71 72 76 74 71 72 73 74 71 77 72 73 74 78 82 74 72 83 74
exec-22,17:57:15.095000,106 78 81 74 72 75 74 72 83 74 72 75 74 72 75 74 72 75 74 72 75 74 72 75 74 72 83 74 78 79 74 71 72 76 74 78 82 74 71 77 72 73 74 71 72 73 74
exec-9,17:57:09.223000,72 75 74 78 82 74 88 72 89 74 72 75 74 71 72 73 74 78 79 74 71 72 76 74 72 75 74 71 77 72 73 74 72 83 74 71 72 73 74 72 75 74 78 82 74 78 82 74 71 72 76 74
exec-6,17:57:08.016000,71 72 73 74 72 75 74 78 79 74 71 77 72 73 74 72 75 74 71 77 72 73 74 71 72 73 74 72 75 74 71 72 73 74 71 72 73 74 72 75 74 71 72 73 74 78 82 74 78 82 74 71 72 73 74 71 77 72